surface,station,airfoil,point,x_m,y_m,z_m
wing,0,sd7037,0,0.635,0.0,0.0
wing,0,sd7037,1,0.634196,-5e-06,0.000103
wing,0,sd7037,2,0.631832,-2e-05,0.000441
wing,0,sd7037,3,0.628008,-4.9e-05,0.001067
wing,0,sd7037,4,0.62285,-9.1e-05,0.001985
wing,0,sd7037,5,0.616503,-0.000145,0.003169
wing,0,sd7037,6,0.609091,-0.000209,0.004564
wing,0,sd7037,7,0.600737,-0.000279,0.006094
wing,0,sd7037,8,0.591539,-0.000351,0.007687
wing,0,sd7037,9,0.581592,-0.000424,0.009271
wing,0,sd7037,10,0.570969,-0.000494,0.010801
wing,0,sd7037,11,0.55977,-0.00056,0.012264
wing,0,sd7037,12,0.548121,-0.000623,0.013637
wing,0,sd7037,13,0.536155,-0.000681,0.014893
wing,0,sd7037,14,0.523998,-0.000731,0.016001
wing,0,sd7037,15,0.51178,-0.000774,0.016929
wing,0,sd7037,16,0.499625,-0.000807,0.017649
wing,0,sd7037,17,0.487662,-0.000829,0.018136
wing,0,sd7037,18,0.475997,-0.000839,0.018366
wing,0,sd7037,19,0.464745,-0.000838,0.018326
wing,0,sd7037,20,0.454006,-0.000823,0.018008
wing,0,sd7037,21,0.443873,-0.000796,0.017409
wing,0,sd7037,22,0.434436,-0.000755,0.01653
wing,0,sd7037,23,0.425772,-0.000703,0.015385
wing,0,sd7037,24,0.417955,-0.000639,0.013987
wing,0,sd7037,25,0.411036,-0.000565,0.012357
wing,0,sd7037,26,0.405058,-0.000481,0.010524
wing,0,sd7037,27,0.40005,-0.00039,0.008532
wing,0,sd7037,28,0.396032,-0.000294,0.006442
wing,0,sd7037,29,0.393018,-0.000198,0.004332
wing,0,sd7037,30,0.391024,-0.000105,0.002291
wing,0,sd7037,31,0.390051,-2.1e-05,0.000453
wing,0,sd7037,32,0.390311,4.4e-05,-0.000962
wing,0,sd7037,33,0.391975,9.4e-05,-0.002053
wing,0,sd7037,34,0.394993,0.000137,-0.003003
wing,0,sd7037,35,0.39931,0.000172,-0.003772
wing,0,sd7037,36,0.404881,0.000199,-0.004349
wing,0,sd7037,37,0.411668,0.000216,-0.004733
wing,0,sd7037,38,0.419606,0.000226,-0.004936
wing,0,sd7037,39,0.428624,0.000227,-0.004973
wing,0,sd7037,40,0.438633,0.000222,-0.004863
wing,0,sd7037,41,0.449525,0.000212,-0.004628
wing,0,sd7037,42,0.461185,0.000196,-0.004293
wing,0,sd7037,43,0.473474,0.000177,-0.003882
wing,0,sd7037,44,0.486256,0.000156,-0.003417
wing,0,sd7037,45,0.499375,0.000133,-0.002912
wing,0,sd7037,46,0.512681,0.000109,-0.002389
wing,0,sd7037,47,0.526022,8.5e-05,-0.00186
wing,0,sd7037,48,0.539239,6.1e-05,-0.001344
wing,0,sd7037,49,0.552183,3.9e-05,-0.000854
wing,0,sd7037,50,0.564697,1.9e-05,-0.000411
wing,0,sd7037,51,0.576636,2e-06,-3.4e-05
wing,0,sd7037,52,0.587842,-1.2e-05,0.000255
wing,0,sd7037,53,0.598162,-2e-05,0.000445
wing,0,sd7037,54,0.607452,-2.5e-05,0.000538
wing,0,sd7037,55,0.615574,-2.4e-05,0.000534
wing,0,sd7037,56,0.622405,-2.1e-05,0.000453
wing,0,sd7037,57,0.627839,-1.5e-05,0.000323
wing,0,sd7037,58,0.631791,-8e-06,0.000174
wing,0,sd7037,59,0.634194,-2e-06,5.1e-05
wing,0,sd7037,60,0.635,0.0,0.0
wing,1,sd7037,0,0.635,0.288449,0.013182
wing,1,sd7037,1,0.634263,0.288445,0.013277
wing,1,sd7037,2,0.632094,0.288431,0.013587
wing,1,sd7037,3,0.628586,0.288404,0.014161
wing,1,sd7037,4,0.623856,0.288366,0.015003
wing,1,sd7037,5,0.618033,0.288316,0.01609
wing,1,sd7037,6,0.611235,0.288258,0.017369
wing,1,sd7037,7,0.603572,0.288194,0.018772
wing,1,sd7037,8,0.595135,0.288127,0.020234
wing,1,sd7037,9,0.586011,0.28806,0.021686
wing,1,sd7037,10,0.576267,0.287996,0.023089
wing,1,sd7037,11,0.565995,0.287935,0.024432
wing,1,sd7037,12,0.555309,0.287877,0.025691
wing,1,sd7037,13,0.544333,0.287825,0.026843
wing,1,sd7037,14,0.533182,0.287778,0.02786
wing,1,sd7037,15,0.521975,0.287739,0.028711
wing,1,sd7037,16,0.510826,0.287709,0.029371
wing,1,sd7037,17,0.499852,0.287689,0.029817
wing,1,sd7037,18,0.489153,0.287679,0.030029
wing,1,sd7037,19,0.478831,0.287681,0.029993
wing,1,sd7037,20,0.468981,0.287694,0.029701
wing,1,sd7037,21,0.459686,0.287719,0.029151
wing,1,sd7037,22,0.45103,0.287756,0.028345
wing,1,sd7037,23,0.443083,0.287804,0.027294
wing,1,sd7037,24,0.435912,0.287863,0.026012
wing,1,sd7037,25,0.429566,0.287931,0.024517
wing,1,sd7037,26,0.424082,0.288008,0.022836
wing,1,sd7037,27,0.419489,0.288091,0.021008
wing,1,sd7037,28,0.415803,0.288179,0.019091
wing,1,sd7037,29,0.413039,0.288267,0.017156
wing,1,sd7037,30,0.41121,0.288353,0.015284
wing,1,sd7037,31,0.410318,0.28843,0.013598
wing,1,sd7037,32,0.410556,0.288489,0.0123
wing,1,sd7037,33,0.412082,0.288535,0.011299
wing,1,sd7037,34,0.414851,0.288575,0.010428
wing,1,sd7037,35,0.41881,0.288607,0.009723
wing,1,sd7037,36,0.423921,0.288631,0.009193
wing,1,sd7037,37,0.430146,0.288647,0.008841
wing,1,sd7037,38,0.437427,0.288656,0.008654
wing,1,sd7037,39,0.445699,0.288658,0.008621
wing,1,sd7037,40,0.454879,0.288653,0.008722
wing,1,sd7037,41,0.464871,0.288643,0.008937
wing,1,sd7037,42,0.475566,0.288629,0.009245
wing,1,sd7037,43,0.486838,0.288612,0.009622
wing,1,sd7037,44,0.498562,0.288592,0.010048
wing,1,sd7037,45,0.510597,0.288571,0.010511
wing,1,sd7037,46,0.522802,0.288549,0.010991
wing,1,sd7037,47,0.535038,0.288527,0.011476
wing,1,sd7037,48,0.547162,0.288505,0.01195
wing,1,sd7037,49,0.559035,0.288485,0.012399
wing,1,sd7037,50,0.570514,0.288466,0.012805
wing,1,sd7037,51,0.581465,0.28845,0.013151
wing,1,sd7037,52,0.591744,0.288438,0.013416
wing,1,sd7037,53,0.60121,0.28843,0.013591
wing,1,sd7037,54,0.609731,0.288426,0.013676
wing,1,sd7037,55,0.617181,0.288427,0.013672
wing,1,sd7037,56,0.623447,0.28843,0.013598
wing,1,sd7037,57,0.628431,0.288435,0.013479
wing,1,sd7037,58,0.632056,0.288442,0.013342
wing,1,sd7037,59,0.634261,0.288447,0.01323
wing,1,sd7037,60,0.635,0.288449,0.013182
wing,2,sd7037,0,0.635,0.576898,0.026365
wing,2,sd7037,1,0.634354,0.576894,0.026447
wing,2,sd7037,2,0.632453,0.576882,0.026719
wing,2,sd7037,3,0.629378,0.576859,0.027223
wing,2,sd7037,4,0.625231,0.576825,0.027961
wing,2,sd7037,5,0.620127,0.576782,0.028913
wing,2,sd7037,6,0.614168,0.57673,0.030035
wing,2,sd7037,7,0.607451,0.576674,0.031265
wing,2,sd7037,8,0.600056,0.576616,0.032546
wing,2,sd7037,9,0.592059,0.576557,0.033819
wing,2,sd7037,10,0.583517,0.576501,0.035049
wing,2,sd7037,11,0.574513,0.576447,0.036226
wing,2,sd7037,12,0.565146,0.576397,0.03733
wing,2,sd7037,13,0.555525,0.576351,0.038339
wing,2,sd7037,14,0.545751,0.57631,0.03923
wing,2,sd7037,15,0.535927,0.576276,0.039976
wing,2,sd7037,16,0.526154,0.57625,0.040555
wing,2,sd7037,17,0.516535,0.576232,0.040946
wing,2,sd7037,18,0.507157,0.576223,0.041131
wing,2,sd7037,19,0.498109,0.576225,0.0411
wing,2,sd7037,20,0.489475,0.576236,0.040844
wing,2,sd7037,21,0.481327,0.576258,0.040362
wing,2,sd7037,22,0.473739,0.576291,0.039656
wing,2,sd7037,23,0.466774,0.576333,0.038735
wing,2,sd7037,24,0.460488,0.576384,0.037611
wing,2,sd7037,25,0.454925,0.576444,0.0363
wing,2,sd7037,26,0.450119,0.576511,0.034826
wing,2,sd7037,27,0.446092,0.576585,0.033225
wing,2,sd7037,28,0.442862,0.576661,0.031544
wing,2,sd7037,29,0.440439,0.576739,0.029848
wing,2,sd7037,30,0.438835,0.576814,0.028207
wing,2,sd7037,31,0.438053,0.576881,0.026729
wing,2,sd7037,32,0.438262,0.576933,0.025591
wing,2,sd7037,33,0.439599,0.576974,0.024714
wing,2,sd7037,34,0.442026,0.577008,0.02395
wing,2,sd7037,35,0.445497,0.577037,0.023332
wing,2,sd7037,36,0.449977,0.577058,0.022868
wing,2,sd7037,37,0.455433,0.577072,0.022559
wing,2,sd7037,38,0.461816,0.577079,0.022396
wing,2,sd7037,39,0.469067,0.577081,0.022366
wing,2,sd7037,40,0.477114,0.577077,0.022455
wing,2,sd7037,41,0.485872,0.577068,0.022644
wing,2,sd7037,42,0.495247,0.577056,0.022913
wing,2,sd7037,43,0.505128,0.577041,0.023244
wing,2,sd7037,44,0.515404,0.577024,0.023618
wing,2,sd7037,45,0.525953,0.577005,0.024023
wing,2,sd7037,46,0.536652,0.576986,0.024444
wing,2,sd7037,47,0.547378,0.576966,0.024869
wing,2,sd7037,48,0.558005,0.576947,0.025284
wing,2,sd7037,49,0.568412,0.576929,0.025678
wing,2,sd7037,50,0.578474,0.576913,0.026034
wing,2,sd7037,51,0.588073,0.576899,0.026337
wing,2,sd7037,52,0.597084,0.576889,0.026569
wing,2,sd7037,53,0.605381,0.576882,0.026723
wing,2,sd7037,54,0.612851,0.576878,0.026798
wing,2,sd7037,55,0.619381,0.576878,0.026794
wing,2,sd7037,56,0.624873,0.576881,0.026729
wing,2,sd7037,57,0.629242,0.576886,0.026625
wing,2,sd7037,58,0.632419,0.576892,0.026505
wing,2,sd7037,59,0.634352,0.576896,0.026406
wing,2,sd7037,60,0.635,0.576898,0.026365
wing,3,sd7037,0,0.635,0.875339,0.040004
wing,3,sd7037,1,0.634472,0.875336,0.040071
wing,3,sd7037,2,0.632918,0.875326,0.040293
wing,3,sd7037,3,0.630404,0.875307,0.040705
wing,3,sd7037,4,0.627015,0.875279,0.041308
wing,3,sd7037,5,0.622843,0.875244,0.042087
wing,3,sd7037,6,0.617972,0.875202,0.043004
wing,3,sd7037,7,0.612481,0.875156,0.044009
wing,3,sd7037,8,0.606436,0.875108,0.045056
wing,3,sd7037,9,0.599898,0.875061,0.046097
wing,3,sd7037,10,0.592916,0.875015,0.047102
wing,3,sd7037,11,0.585556,0.874971,0.048064
wing,3,sd7037,12,0.577899,0.874929,0.048967
wing,3,sd7037,13,0.570035,0.874892,0.049792
wing,3,sd7037,14,0.562045,0.874858,0.050521
wing,3,sd7037,15,0.554014,0.874831,0.05113
wing,3,sd7037,16,0.546026,0.874809,0.051603
wing,3,sd7037,17,0.538163,0.874794,0.051923
wing,3,sd7037,18,0.530497,0.874787,0.052075
wing,3,sd7037,19,0.523101,0.874789,0.052049
wing,3,sd7037,20,0.516043,0.874798,0.05184
wing,3,sd7037,21,0.509383,0.874816,0.051446
wing,3,sd7037,22,0.50318,0.874843,0.050868
wing,3,sd7037,23,0.497487,0.874877,0.050115
wing,3,sd7037,24,0.492348,0.874919,0.049197
wing,3,sd7037,25,0.487801,0.874968,0.048126
wing,3,sd7037,26,0.483872,0.875023,0.046921
wing,3,sd7037,27,0.480581,0.875083,0.045611
wing,3,sd7037,28,0.47794,0.875146,0.044238
wing,3,sd7037,29,0.475959,0.875209,0.042851
wing,3,sd7037,30,0.474649,0.87527,0.041509
wing,3,sd7037,31,0.474009,0.875325,0.040301
wing,3,sd7037,32,0.47418,0.875368,0.039372
wing,3,sd7037,33,0.475273,0.875401,0.038654
wing,3,sd7037,34,0.477257,0.875429,0.03803
wing,3,sd7037,35,0.480094,0.875452,0.037525
wing,3,sd7037,36,0.483756,0.87547,0.037145
wing,3,sd7037,37,0.488216,0.875481,0.036893
wing,3,sd7037,38,0.493434,0.875487,0.036759
wing,3,sd7037,39,0.499361,0.875488,0.036735
wing,3,sd7037,40,0.505939,0.875485,0.036808
wing,3,sd7037,41,0.513098,0.875478,0.036962
wing,3,sd7037,42,0.520761,0.875468,0.037182
wing,3,sd7037,43,0.528838,0.875456,0.037453
wing,3,sd7037,44,0.537239,0.875442,0.037758
wing,3,sd7037,45,0.545862,0.875427,0.03809
wing,3,sd7037,46,0.554607,0.875411,0.038434
wing,3,sd7037,47,0.563375,0.875395,0.038781
wing,3,sd7037,48,0.572062,0.875379,0.039121
wing,3,sd7037,49,0.580569,0.875365,0.039442
wing,3,sd7037,50,0.588794,0.875351,0.039734
wing,3,sd7037,51,0.596641,0.87534,0.039981
wing,3,sd7037,52,0.604006,0.875331,0.040171
wing,3,sd7037,53,0.610788,0.875326,0.040297
wing,3,sd7037,54,0.616894,0.875323,0.040358
wing,3,sd7037,55,0.622232,0.875323,0.040355
wing,3,sd7037,56,0.626722,0.875325,0.040301
wing,3,sd7037,57,0.630293,0.875329,0.040216
wing,3,sd7037,58,0.632891,0.875334,0.040118
wing,3,sd7037,59,0.63447,0.875338,0.040038
wing,3,sd7037,60,0.635,0.875339,0.040004
wing,4,sd7037,0,0.635,0.998957,0.045653
wing,4,sd7037,1,0.634541,0.998955,0.045712
wing,4,sd7037,2,0.63319,0.998946,0.045905
wing,4,sd7037,3,0.631005,0.998929,0.046263
wing,4,sd7037,4,0.628058,0.998906,0.046787
wing,4,sd7037,5,0.624432,0.998875,0.047464
wing,4,sd7037,6,0.620197,0.998838,0.048261
wing,4,sd7037,7,0.615424,0.998798,0.049135
wing,4,sd7037,8,0.610169,0.998757,0.050045
wing,4,sd7037,9,0.604486,0.998715,0.05095
wing,4,sd7037,10,0.598417,0.998675,0.051824
wing,4,sd7037,11,0.592018,0.998637,0.05266
wing,4,sd7037,12,0.585362,0.998601,0.053445
wing,4,sd7037,13,0.578526,0.998568,0.054162
wing,4,sd7037,14,0.57158,0.99854,0.054796
wing,4,sd7037,15,0.564599,0.998515,0.055326
wing,4,sd7037,16,0.557655,0.998497,0.055737
wing,4,sd7037,17,0.55082,0.998484,0.056015
wing,4,sd7037,18,0.544155,0.998478,0.056146
wing,4,sd7037,19,0.537726,0.998479,0.056124
wing,4,sd7037,20,0.531591,0.998487,0.055942
wing,4,sd7037,21,0.525801,0.998503,0.0556
wing,4,sd7037,22,0.520409,0.998526,0.055098
wing,4,sd7037,23,0.51546,0.998556,0.054443
wing,4,sd7037,24,0.510993,0.998592,0.053645
wing,4,sd7037,25,0.50704,0.998635,0.052713
wing,4,sd7037,26,0.503625,0.998683,0.051666
wing,4,sd7037,27,0.500763,0.998735,0.050528
wing,4,sd7037,28,0.498468,0.998789,0.049334
wing,4,sd7037,29,0.496746,0.998844,0.048128
wing,4,sd7037,30,0.495607,0.998898,0.046962
wing,4,sd7037,31,0.495051,0.998946,0.045912
wing,4,sd7037,32,0.495199,0.998982,0.045104
wing,4,sd7037,33,0.49615,0.999011,0.04448
wing,4,sd7037,34,0.497874,0.999036,0.043938
wing,4,sd7037,35,0.500341,0.999056,0.043499
wing,4,sd7037,36,0.503524,0.999071,0.043169
wing,4,sd7037,37,0.507401,0.999081,0.042949
wing,4,sd7037,38,0.511936,0.999086,0.042833
wing,4,sd7037,39,0.517089,0.999087,0.042812
wing,4,sd7037,40,0.522807,0.999084,0.042875
wing,4,sd7037,41,0.529031,0.999078,0.043009
wing,4,sd7037,42,0.535692,0.999069,0.043201
wing,4,sd7037,43,0.542714,0.999059,0.043436
wing,4,sd7037,44,0.550016,0.999047,0.043701
wing,4,sd7037,45,0.557512,0.999033,0.043989
wing,4,sd7037,46,0.565114,0.99902,0.044289
wing,4,sd7037,47,0.572736,0.999006,0.044591
wing,4,sd7037,48,0.580288,0.998992,0.044886
wing,4,sd7037,49,0.587683,0.99898,0.045165
wing,4,sd7037,50,0.594833,0.998968,0.045418
wing,4,sd7037,51,0.601654,0.998958,0.045634
wing,4,sd7037,52,0.608057,0.998951,0.045799
wing,4,sd7037,53,0.613953,0.998946,0.045908
wing,4,sd7037,54,0.619261,0.998943,0.045961
wing,4,sd7037,55,0.623901,0.998943,0.045958
wing,4,sd7037,56,0.627804,0.998946,0.045912
wing,4,sd7037,57,0.630908,0.998949,0.045838
wing,4,sd7037,58,0.633166,0.998953,0.045753
wing,4,sd7037,59,0.634539,0.998956,0.045683
wing,4,sd7037,60,0.635,0.998957,0.045653
vtail,0,naca0009,0,1.433348,-7.3e-05,5.2e-05
vtail,0,naca0009,1,1.433342,-7.4e-05,5.2e-05
vtail,0,naca0009,2,1.433324,-7.5e-05,5.3e-05
vtail,0,naca0009,3,1.433295,-7.8e-05,5.5e-05
vtail,0,naca0009,4,1.433253,-8.1e-05,5.8e-05
vtail,0,naca0009,5,1.4332,-8.6e-05,6.1e-05
vtail,0,naca0009,6,1.433135,-9.1e-05,6.5e-05
vtail,0,naca0009,7,1.433059,-9.8e-05,6.9e-05
vtail,0,naca0009,8,1.43297,-0.000106,7.5e-05
vtail,0,naca0009,9,1.43287,-0.000114,8.1e-05
vtail,0,naca0009,10,1.432758,-0.000124,8.8e-05
vtail,0,naca0009,11,1.432635,-0.000134,9.5e-05
vtail,0,naca0009,12,1.432499,-0.000146,0.000103
vtail,0,naca0009,13,1.432353,-0.000158,0.000112
vtail,0,naca0009,14,1.432194,-0.000171,0.000121
vtail,0,naca0009,15,1.432024,-0.000186,0.000132
vtail,0,naca0009,16,1.431843,-0.000201,0.000142
vtail,0,naca0009,17,1.43165,-0.000217,0.000154
vtail,0,naca0009,18,1.431446,-0.000234,0.000166
vtail,0,naca0009,19,1.43123,-0.000253,0.000179
vtail,0,naca0009,20,1.431003,-0.000271,0.000192
vtail,0,naca0009,21,1.430765,-0.000291,0.000206
vtail,0,naca0009,22,1.430516,-0.000312,0.000221
vtail,0,naca0009,23,1.430256,-0.000333,0.000236
vtail,0,naca0009,24,1.429984,-0.000356,0.000252
vtail,0,naca0009,25,1.429702,-0.000379,0.000268
vtail,0,naca0009,26,1.429408,-0.000403,0.000285
vtail,0,naca0009,27,1.429104,-0.000428,0.000303
vtail,0,naca0009,28,1.428789,-0.000453,0.000321
vtail,0,naca0009,29,1.428464,-0.00048,0.00034
vtail,0,naca0009,30,1.428127,-0.000507,0.000359
vtail,0,naca0009,31,1.427781,-0.000534,0.000379
vtail,0,naca0009,32,1.427424,-0.000563,0.000399
vtail,0,naca0009,33,1.427056,-0.000592,0.00042
vtail,0,naca0009,34,1.426678,-0.000622,0.000441
vtail,0,naca0009,35,1.42629,-0.000653,0.000462
vtail,0,naca0009,36,1.425892,-0.000684,0.000484
vtail,0,naca0009,37,1.425484,-0.000716,0.000507
vtail,0,naca0009,38,1.425067,-0.000748,0.00053
vtail,0,naca0009,39,1.424639,-0.000781,0.000553
vtail,0,naca0009,40,1.424202,-0.000814,0.000577
vtail,0,naca0009,41,1.423755,-0.000849,0.000601
vtail,0,naca0009,42,1.423299,-0.000883,0.000626
vtail,0,naca0009,43,1.422833,-0.000918,0.000651
vtail,0,naca0009,44,1.422359,-0.000954,0.000676
vtail,0,naca0009,45,1.421875,-0.00099,0.000701
vtail,0,naca0009,46,1.421382,-0.001027,0.000727
vtail,0,naca0009,47,1.42088,-0.001064,0.000753
vtail,0,naca0009,48,1.42037,-0.001101,0.00078
vtail,0,naca0009,49,1.419851,-0.001139,0.000807
vtail,0,naca0009,50,1.419324,-0.001177,0.000834
vtail,0,naca0009,51,1.418788,-0.001215,0.000861
vtail,0,naca0009,52,1.418244,-0.001254,0.000888
vtail,0,naca0009,53,1.417692,-0.001293,0.000916
vtail,0,naca0009,54,1.417133,-0.001333,0.000944
vtail,0,naca0009,55,1.416565,-0.001372,0.000972
vtail,0,naca0009,56,1.41599,-0.001412,0.001001
vtail,0,naca0009,57,1.415407,-0.001452,0.001029
vtail,0,naca0009,58,1.414817,-0.001493,0.001058
vtail,0,naca0009,59,1.41422,-0.001533,0.001086
vtail,0,naca0009,60,1.413615,-0.001574,0.001115
vtail,0,naca0009,61,1.413004,-0.001615,0.001144
vtail,0,naca0009,62,1.412386,-0.001656,0.001173
vtail,0,naca0009,63,1.411761,-0.001697,0.001202
vtail,0,naca0009,64,1.41113,-0.001738,0.001231
vtail,0,naca0009,65,1.410493,-0.00178,0.001261
vtail,0,naca0009,66,1.40985,-0.001821,0.00129
vtail,0,naca0009,67,1.4092,-0.001862,0.001319
vtail,0,naca0009,68,1.408545,-0.001903,0.001348
vtail,0,naca0009,69,1.407884,-0.001945,0.001378
vtail,0,naca0009,70,1.407218,-0.001986,0.001407
vtail,0,naca0009,71,1.406546,-0.002027,0.001436
vtail,0,naca0009,72,1.405869,-0.002068,0.001465
vtail,0,naca0009,73,1.405188,-0.002109,0.001494
vtail,0,naca0009,74,1.404501,-0.00215,0.001523
vtail,0,naca0009,75,1.40381,-0.002191,0.001552
vtail,0,naca0009,76,1.403114,-0.002231,0.001581
vtail,0,naca0009,77,1.402414,-0.002272,0.001609
vtail,0,naca0009,78,1.40171,-0.002312,0.001638
vtail,0,naca0009,79,1.401003,-0.002352,0.001666
vtail,0,naca0009,80,1.400291,-0.002391,0.001694
vtail,0,naca0009,81,1.399575,-0.00243,0.001722
vtail,0,naca0009,82,1.398857,-0.002469,0.001749
vtail,0,naca0009,83,1.398135,-0.002508,0.001777
vtail,0,naca0009,84,1.39741,-0.002546,0.001804
vtail,0,naca0009,85,1.396682,-0.002584,0.001831
vtail,0,naca0009,86,1.395951,-0.002621,0.001857
vtail,0,naca0009,87,1.395218,-0.002658,0.001883
vtail,0,naca0009,88,1.394483,-0.002695,0.001909
vtail,0,naca0009,89,1.393746,-0.002731,0.001935
vtail,0,naca0009,90,1.393006,-0.002767,0.00196
vtail,0,naca0009,91,1.392265,-0.002802,0.001985
vtail,0,naca0009,92,1.391522,-0.002836,0.002009
vtail,0,naca0009,93,1.390778,-0.00287,0.002033
vtail,0,naca0009,94,1.390033,-0.002903,0.002057
vtail,0,naca0009,95,1.389286,-0.002935,0.00208
vtail,0,naca0009,96,1.388539,-0.002967,0.002102
vtail,0,naca0009,97,1.387791,-0.002999,0.002124
vtail,0,naca0009,98,1.387043,-0.003029,0.002146
vtail,0,naca0009,99,1.386294,-0.003059,0.002167
vtail,0,naca0009,100,1.385545,-0.003088,0.002187
vtail,0,naca0009,101,1.384797,-0.003116,0.002207
vtail,0,naca0009,102,1.384048,-0.003143,0.002227
vtail,0,naca0009,103,1.383301,-0.003169,0.002245
vtail,0,naca0009,104,1.382553,-0.003195,0.002263
vtail,0,naca0009,105,1.381807,-0.00322,0.002281
vtail,0,naca0009,106,1.381062,-0.003243,0.002298
vtail,0,naca0009,107,1.380317,-0.003266,0.002314
vtail,0,naca0009,108,1.379575,-0.003288,0.002329
vtail,0,naca0009,109,1.378833,-0.003308,0.002344
vtail,0,naca0009,110,1.378094,-0.003328,0.002358
vtail,0,naca0009,111,1.377357,-0.003347,0.002371
vtail,0,naca0009,112,1.376621,-0.003364,0.002383
vtail,0,naca0009,113,1.375888,-0.003381,0.002395
vtail,0,naca0009,114,1.375158,-0.003396,0.002406
vtail,0,naca0009,115,1.37443,-0.00341,0.002416
vtail,0,naca0009,116,1.373705,-0.003423,0.002425
vtail,0,naca0009,117,1.372983,-0.003435,0.002434
vtail,0,naca0009,118,1.372264,-0.003446,0.002441
vtail,0,naca0009,119,1.371549,-0.003455,0.002448
vtail,0,naca0009,120,1.370837,-0.003463,0.002453
vtail,0,naca0009,121,1.370129,-0.00347,0.002458
vtail,0,naca0009,122,1.369425,-0.003475,0.002462
vtail,0,naca0009,123,1.368725,-0.003479,0.002465
vtail,0,naca0009,124,1.36803,-0.003482,0.002467
vtail,0,naca0009,125,1.367338,-0.003484,0.002468
vtail,0,naca0009,126,1.366652,-0.003484,0.002468
vtail,0,naca0009,127,1.36597,-0.003483,0.002467
vtail,0,naca0009,128,1.365293,-0.00348,0.002465
vtail,0,naca0009,129,1.364622,-0.003476,0.002463
vtail,0,naca0009,130,1.363955,-0.003471,0.002459
vtail,0,naca0009,131,1.363295,-0.003464,0.002454
vtail,0,naca0009,132,1.362639,-0.003455,0.002448
vtail,0,naca0009,133,1.36199,-0.003446,0.002441
vtail,0,naca0009,134,1.361347,-0.003434,0.002433
vtail,0,naca0009,135,1.360709,-0.003422,0.002424
vtail,0,naca0009,136,1.360078,-0.003407,0.002414
vtail,0,naca0009,137,1.359454,-0.003392,0.002403
vtail,0,naca0009,138,1.358836,-0.003375,0.002391
vtail,0,naca0009,139,1.358224,-0.003356,0.002378
vtail,0,naca0009,140,1.35762,-0.003336,0.002363
vtail,0,naca0009,141,1.357023,-0.003315,0.002348
vtail,0,naca0009,142,1.356433,-0.003292,0.002332
vtail,0,naca0009,143,1.35585,-0.003267,0.002315
vtail,0,naca0009,144,1.355275,-0.003241,0.002296
vtail,0,naca0009,145,1.354707,-0.003214,0.002277
vtail,0,naca0009,146,1.354147,-0.003185,0.002256
vtail,0,naca0009,147,1.353595,-0.003155,0.002235
vtail,0,naca0009,148,1.353051,-0.003123,0.002213
vtail,0,naca0009,149,1.352516,-0.00309,0.002189
vtail,0,naca0009,150,1.351988,-0.003055,0.002165
vtail,0,naca0009,151,1.35147,-0.00302,0.002139
vtail,0,naca0009,152,1.350959,-0.002982,0.002113
vtail,0,naca0009,153,1.350458,-0.002943,0.002085
vtail,0,naca0009,154,1.349965,-0.002903,0.002057
vtail,0,naca0009,155,1.349481,-0.002862,0.002027
vtail,0,naca0009,156,1.349006,-0.002819,0.001997
vtail,0,naca0009,157,1.348541,-0.002775,0.001966
vtail,0,naca0009,158,1.348085,-0.002729,0.001934
vtail,0,naca0009,159,1.347638,-0.002683,0.001901
vtail,0,naca0009,160,1.347201,-0.002635,0.001867
vtail,0,naca0009,161,1.346773,-0.002585,0.001832
vtail,0,naca0009,162,1.346355,-0.002535,0.001796
vtail,0,naca0009,163,1.345947,-0.002483,0.001759
vtail,0,naca0009,164,1.345549,-0.00243,0.001722
vtail,0,naca0009,165,1.345161,-0.002376,0.001684
vtail,0,naca0009,166,1.344784,-0.002321,0.001644
vtail,0,naca0009,167,1.344416,-0.002265,0.001605
vtail,0,naca0009,168,1.344059,-0.002207,0.001564
vtail,0,naca0009,169,1.343712,-0.002149,0.001522
vtail,0,naca0009,170,1.343376,-0.002089,0.00148
vtail,0,naca0009,171,1.34305,-0.002029,0.001437
vtail,0,naca0009,172,1.342735,-0.001967,0.001394
vtail,0,naca0009,173,1.342431,-0.001905,0.001349
vtail,0,naca0009,174,1.342138,-0.001841,0.001304
vtail,0,naca0009,175,1.341855,-0.001777,0.001259
vtail,0,naca0009,176,1.341584,-0.001711,0.001212
vtail,0,naca0009,177,1.341324,-0.001645,0.001165
vtail,0,naca0009,178,1.341074,-0.001578,0.001118
vtail,0,naca0009,179,1.340836,-0.00151,0.00107
vtail,0,naca0009,180,1.340609,-0.001441,0.001021
vtail,0,naca0009,181,1.340394,-0.001372,0.000972
vtail,0,naca0009,182,1.34019,-0.001301,0.000922
vtail,0,naca0009,183,1.339997,-0.00123,0.000871
vtail,0,naca0009,184,1.339815,-0.001158,0.00082
vtail,0,naca0009,185,1.339645,-0.001085,0.000769
vtail,0,naca0009,186,1.339487,-0.001012,0.000717
vtail,0,naca0009,187,1.33934,-0.000938,0.000664
vtail,0,naca0009,188,1.339205,-0.000863,0.000611
vtail,0,naca0009,189,1.339082,-0.000788,0.000558
vtail,0,naca0009,190,1.33897,-0.000712,0.000504
vtail,0,naca0009,191,1.33887,-0.000635,0.00045
vtail,0,naca0009,192,1.338781,-0.000558,0.000395
vtail,0,naca0009,193,1.338704,-0.00048,0.00034
vtail,0,naca0009,194,1.338639,-0.000401,0.000284
vtail,0,naca0009,195,1.338586,-0.000322,0.000228
vtail,0,naca0009,196,1.338545,-0.000242,0.000172
vtail,0,naca0009,197,1.338515,-0.000162,0.000115
vtail,0,naca0009,198,1.338498,-8.1e-05,5.8e-05
vtail,0,naca0009,199,1.338492,0.0,0.0
vtail,0,naca0009,200,1.338498,8.1e-05,-5.8e-05
vtail,0,naca0009,201,1.338515,0.000162,-0.000115
vtail,0,naca0009,202,1.338545,0.000242,-0.000172
vtail,0,naca0009,203,1.338586,0.000322,-0.000228
vtail,0,naca0009,204,1.338639,0.000401,-0.000284
vtail,0,naca0009,205,1.338704,0.00048,-0.00034
vtail,0,naca0009,206,1.338781,0.000558,-0.000395
vtail,0,naca0009,207,1.33887,0.000635,-0.00045
vtail,0,naca0009,208,1.33897,0.000712,-0.000504
vtail,0,naca0009,209,1.339082,0.000788,-0.000558
vtail,0,naca0009,210,1.339205,0.000863,-0.000611
vtail,0,naca0009,211,1.33934,0.000938,-0.000664
vtail,0,naca0009,212,1.339487,0.001012,-0.000717
vtail,0,naca0009,213,1.339645,0.001085,-0.000769
vtail,0,naca0009,214,1.339815,0.001158,-0.00082
vtail,0,naca0009,215,1.339997,0.00123,-0.000871
vtail,0,naca0009,216,1.34019,0.001301,-0.000922
vtail,0,naca0009,217,1.340394,0.001372,-0.000972
vtail,0,naca0009,218,1.340609,0.001441,-0.001021
vtail,0,naca0009,219,1.340836,0.00151,-0.00107
vtail,0,naca0009,220,1.341074,0.001578,-0.001118
vtail,0,naca0009,221,1.341324,0.001645,-0.001165
vtail,0,naca0009,222,1.341584,0.001711,-0.001212
vtail,0,naca0009,223,1.341855,0.001777,-0.001259
vtail,0,naca0009,224,1.342138,0.001841,-0.001304
vtail,0,naca0009,225,1.342431,0.001905,-0.001349
vtail,0,naca0009,226,1.342735,0.001967,-0.001394
vtail,0,naca0009,227,1.34305,0.002029,-0.001437
vtail,0,naca0009,228,1.343376,0.002089,-0.00148
vtail,0,naca0009,229,1.343712,0.002149,-0.001522
vtail,0,naca0009,230,1.344059,0.002207,-0.001564
vtail,0,naca0009,231,1.344416,0.002265,-0.001605
vtail,0,naca0009,232,1.344784,0.002321,-0.001644
vtail,0,naca0009,233,1.345161,0.002376,-0.001684
vtail,0,naca0009,234,1.345549,0.00243,-0.001722
vtail,0,naca0009,235,1.345947,0.002483,-0.001759
vtail,0,naca0009,236,1.346355,0.002535,-0.001796
vtail,0,naca0009,237,1.346773,0.002585,-0.001832
vtail,0,naca0009,238,1.347201,0.002635,-0.001867
vtail,0,naca0009,239,1.347638,0.002683,-0.001901
vtail,0,naca0009,240,1.348085,0.002729,-0.001934
vtail,0,naca0009,241,1.348541,0.002775,-0.001966
vtail,0,naca0009,242,1.349006,0.002819,-0.001997
vtail,0,naca0009,243,1.349481,0.002862,-0.002027
vtail,0,naca0009,244,1.349965,0.002903,-0.002057
vtail,0,naca0009,245,1.350458,0.002943,-0.002085
vtail,0,naca0009,246,1.350959,0.002982,-0.002113
vtail,0,naca0009,247,1.35147,0.00302,-0.002139
vtail,0,naca0009,248,1.351988,0.003055,-0.002165
vtail,0,naca0009,249,1.352516,0.00309,-0.002189
vtail,0,naca0009,250,1.353051,0.003123,-0.002213
vtail,0,naca0009,251,1.353595,0.003155,-0.002235
vtail,0,naca0009,252,1.354147,0.003185,-0.002256
vtail,0,naca0009,253,1.354707,0.003214,-0.002277
vtail,0,naca0009,254,1.355275,0.003241,-0.002296
vtail,0,naca0009,255,1.35585,0.003267,-0.002315
vtail,0,naca0009,256,1.356433,0.003292,-0.002332
vtail,0,naca0009,257,1.357023,0.003315,-0.002348
vtail,0,naca0009,258,1.35762,0.003336,-0.002363
vtail,0,naca0009,259,1.358224,0.003356,-0.002378
vtail,0,naca0009,260,1.358836,0.003375,-0.002391
vtail,0,naca0009,261,1.359454,0.003392,-0.002403
vtail,0,naca0009,262,1.360078,0.003407,-0.002414
vtail,0,naca0009,263,1.360709,0.003422,-0.002424
vtail,0,naca0009,264,1.361347,0.003434,-0.002433
vtail,0,naca0009,265,1.36199,0.003446,-0.002441
vtail,0,naca0009,266,1.362639,0.003455,-0.002448
vtail,0,naca0009,267,1.363295,0.003464,-0.002454
vtail,0,naca0009,268,1.363955,0.003471,-0.002459
vtail,0,naca0009,269,1.364622,0.003476,-0.002463
vtail,0,naca0009,270,1.365293,0.00348,-0.002465
vtail,0,naca0009,271,1.36597,0.003483,-0.002467
vtail,0,naca0009,272,1.366652,0.003484,-0.002468
vtail,0,naca0009,273,1.367338,0.003484,-0.002468
vtail,0,naca0009,274,1.36803,0.003482,-0.002467
vtail,0,naca0009,275,1.368725,0.003479,-0.002465
vtail,0,naca0009,276,1.369425,0.003475,-0.002462
vtail,0,naca0009,277,1.370129,0.00347,-0.002458
vtail,0,naca0009,278,1.370837,0.003463,-0.002453
vtail,0,naca0009,279,1.371549,0.003455,-0.002448
vtail,0,naca0009,280,1.372264,0.003446,-0.002441
vtail,0,naca0009,281,1.372983,0.003435,-0.002434
vtail,0,naca0009,282,1.373705,0.003423,-0.002425
vtail,0,naca0009,283,1.37443,0.00341,-0.002416
vtail,0,naca0009,284,1.375158,0.003396,-0.002406
vtail,0,naca0009,285,1.375888,0.003381,-0.002395
vtail,0,naca0009,286,1.376621,0.003364,-0.002383
vtail,0,naca0009,287,1.377357,0.003347,-0.002371
vtail,0,naca0009,288,1.378094,0.003328,-0.002358
vtail,0,naca0009,289,1.378833,0.003308,-0.002344
vtail,0,naca0009,290,1.379575,0.003288,-0.002329
vtail,0,naca0009,291,1.380317,0.003266,-0.002314
vtail,0,naca0009,292,1.381062,0.003243,-0.002298
vtail,0,naca0009,293,1.381807,0.00322,-0.002281
vtail,0,naca0009,294,1.382553,0.003195,-0.002263
vtail,0,naca0009,295,1.383301,0.003169,-0.002245
vtail,0,naca0009,296,1.384048,0.003143,-0.002227
vtail,0,naca0009,297,1.384797,0.003116,-0.002207
vtail,0,naca0009,298,1.385545,0.003088,-0.002187
vtail,0,naca0009,299,1.386294,0.003059,-0.002167
vtail,0,naca0009,300,1.387043,0.003029,-0.002146
vtail,0,naca0009,301,1.387791,0.002999,-0.002124
vtail,0,naca0009,302,1.388539,0.002967,-0.002102
vtail,0,naca0009,303,1.389286,0.002935,-0.00208
vtail,0,naca0009,304,1.390033,0.002903,-0.002057
vtail,0,naca0009,305,1.390778,0.00287,-0.002033
vtail,0,naca0009,306,1.391522,0.002836,-0.002009
vtail,0,naca0009,307,1.392265,0.002802,-0.001985
vtail,0,naca0009,308,1.393006,0.002767,-0.00196
vtail,0,naca0009,309,1.393746,0.002731,-0.001935
vtail,0,naca0009,310,1.394483,0.002695,-0.001909
vtail,0,naca0009,311,1.395218,0.002658,-0.001883
vtail,0,naca0009,312,1.395951,0.002621,-0.001857
vtail,0,naca0009,313,1.396682,0.002584,-0.001831
vtail,0,naca0009,314,1.39741,0.002546,-0.001804
vtail,0,naca0009,315,1.398135,0.002508,-0.001777
vtail,0,naca0009,316,1.398857,0.002469,-0.001749
vtail,0,naca0009,317,1.399575,0.00243,-0.001722
vtail,0,naca0009,318,1.400291,0.002391,-0.001694
vtail,0,naca0009,319,1.401003,0.002352,-0.001666
vtail,0,naca0009,320,1.40171,0.002312,-0.001638
vtail,0,naca0009,321,1.402414,0.002272,-0.001609
vtail,0,naca0009,322,1.403114,0.002231,-0.001581
vtail,0,naca0009,323,1.40381,0.002191,-0.001552
vtail,0,naca0009,324,1.404501,0.00215,-0.001523
vtail,0,naca0009,325,1.405188,0.002109,-0.001494
vtail,0,naca0009,326,1.405869,0.002068,-0.001465
vtail,0,naca0009,327,1.406546,0.002027,-0.001436
vtail,0,naca0009,328,1.407218,0.001986,-0.001407
vtail,0,naca0009,329,1.407884,0.001945,-0.001378
vtail,0,naca0009,330,1.408545,0.001903,-0.001348
vtail,0,naca0009,331,1.4092,0.001862,-0.001319
vtail,0,naca0009,332,1.40985,0.001821,-0.00129
vtail,0,naca0009,333,1.410493,0.00178,-0.001261
vtail,0,naca0009,334,1.41113,0.001738,-0.001231
vtail,0,naca0009,335,1.411761,0.001697,-0.001202
vtail,0,naca0009,336,1.412386,0.001656,-0.001173
vtail,0,naca0009,337,1.413004,0.001615,-0.001144
vtail,0,naca0009,338,1.413615,0.001574,-0.001115
vtail,0,naca0009,339,1.41422,0.001533,-0.001086
vtail,0,naca0009,340,1.414817,0.001493,-0.001058
vtail,0,naca0009,341,1.415407,0.001452,-0.001029
vtail,0,naca0009,342,1.41599,0.001412,-0.001001
vtail,0,naca0009,343,1.416565,0.001372,-0.000972
vtail,0,naca0009,344,1.417133,0.001333,-0.000944
vtail,0,naca0009,345,1.417692,0.001293,-0.000916
vtail,0,naca0009,346,1.418244,0.001254,-0.000888
vtail,0,naca0009,347,1.418788,0.001215,-0.000861
vtail,0,naca0009,348,1.419324,0.001177,-0.000834
vtail,0,naca0009,349,1.419851,0.001139,-0.000807
vtail,0,naca0009,350,1.42037,0.001101,-0.00078
vtail,0,naca0009,351,1.42088,0.001064,-0.000753
vtail,0,naca0009,352,1.421382,0.001027,-0.000727
vtail,0,naca0009,353,1.421875,0.00099,-0.000701
vtail,0,naca0009,354,1.422359,0.000954,-0.000676
vtail,0,naca0009,355,1.422833,0.000918,-0.000651
vtail,0,naca0009,356,1.423299,0.000883,-0.000626
vtail,0,naca0009,357,1.423755,0.000849,-0.000601
vtail,0,naca0009,358,1.424202,0.000814,-0.000577
vtail,0,naca0009,359,1.424639,0.000781,-0.000553
vtail,0,naca0009,360,1.425067,0.000748,-0.00053
vtail,0,naca0009,361,1.425484,0.000716,-0.000507
vtail,0,naca0009,362,1.425892,0.000684,-0.000484
vtail,0,naca0009,363,1.42629,0.000653,-0.000462
vtail,0,naca0009,364,1.426678,0.000622,-0.000441
vtail,0,naca0009,365,1.427056,0.000592,-0.00042
vtail,0,naca0009,366,1.427424,0.000563,-0.000399
vtail,0,naca0009,367,1.427781,0.000534,-0.000379
vtail,0,naca0009,368,1.428127,0.000507,-0.000359
vtail,0,naca0009,369,1.428464,0.00048,-0.00034
vtail,0,naca0009,370,1.428789,0.000453,-0.000321
vtail,0,naca0009,371,1.429104,0.000428,-0.000303
vtail,0,naca0009,372,1.429408,0.000403,-0.000285
vtail,0,naca0009,373,1.429702,0.000379,-0.000268
vtail,0,naca0009,374,1.429984,0.000356,-0.000252
vtail,0,naca0009,375,1.430256,0.000333,-0.000236
vtail,0,naca0009,376,1.430516,0.000312,-0.000221
vtail,0,naca0009,377,1.430765,0.000291,-0.000206
vtail,0,naca0009,378,1.431003,0.000271,-0.000192
vtail,0,naca0009,379,1.43123,0.000253,-0.000179
vtail,0,naca0009,380,1.431446,0.000234,-0.000166
vtail,0,naca0009,381,1.43165,0.000217,-0.000154
vtail,0,naca0009,382,1.431843,0.000201,-0.000142
vtail,0,naca0009,383,1.432024,0.000186,-0.000132
vtail,0,naca0009,384,1.432194,0.000171,-0.000121
vtail,0,naca0009,385,1.432353,0.000158,-0.000112
vtail,0,naca0009,386,1.432499,0.000146,-0.000103
vtail,0,naca0009,387,1.432635,0.000134,-9.5e-05
vtail,0,naca0009,388,1.432758,0.000124,-8.8e-05
vtail,0,naca0009,389,1.43287,0.000114,-8.1e-05
vtail,0,naca0009,390,1.43297,0.000106,-7.5e-05
vtail,0,naca0009,391,1.433059,9.8e-05,-6.9e-05
vtail,0,naca0009,392,1.433135,9.1e-05,-6.5e-05
vtail,0,naca0009,393,1.4332,8.6e-05,-6.1e-05
vtail,0,naca0009,394,1.433253,8.1e-05,-5.8e-05
vtail,0,naca0009,395,1.433295,7.8e-05,-5.5e-05
vtail,0,naca0009,396,1.433324,7.5e-05,-5.3e-05
vtail,0,naca0009,397,1.433342,7.4e-05,-5.2e-05
vtail,0,naca0009,398,1.433348,7.3e-05,-5.2e-05
vtail,1,naca0009,0,1.433348,0.126848,0.179204
vtail,1,naca0009,1,1.433342,0.126848,0.179204
vtail,1,naca0009,2,1.433325,0.126847,0.179205
vtail,1,naca0009,3,1.433296,0.126844,0.179207
vtail,1,naca0009,4,1.433256,0.126841,0.179209
vtail,1,naca0009,5,1.433205,0.126836,0.179212
vtail,1,naca0009,6,1.433142,0.126831,0.179216
vtail,1,naca0009,7,1.433068,0.126824,0.179221
vtail,1,naca0009,8,1.432982,0.126817,0.179226
vtail,1,naca0009,9,1.432885,0.126809,0.179232
vtail,1,naca0009,10,1.432777,0.1268,0.179238
vtail,1,naca0009,11,1.432658,0.126789,0.179245
vtail,1,naca0009,12,1.432527,0.126778,0.179253
vtail,1,naca0009,13,1.432385,0.126766,0.179262
vtail,1,naca0009,14,1.432232,0.126753,0.179271
vtail,1,naca0009,15,1.432067,0.126739,0.179281
vtail,1,naca0009,16,1.431892,0.126725,0.179291
vtail,1,naca0009,17,1.431705,0.126709,0.179303
vtail,1,naca0009,18,1.431507,0.126692,0.179314
vtail,1,naca0009,19,1.431299,0.126675,0.179327
vtail,1,naca0009,20,1.431079,0.126657,0.17934
vtail,1,naca0009,21,1.430849,0.126637,0.179353
vtail,1,naca0009,22,1.430608,0.126617,0.179367
vtail,1,naca0009,23,1.430356,0.126597,0.179382
vtail,1,naca0009,24,1.430093,0.126575,0.179397
vtail,1,naca0009,25,1.42982,0.126553,0.179413
vtail,1,naca0009,26,1.429536,0.126529,0.17943
vtail,1,naca0009,27,1.429242,0.126505,0.179447
vtail,1,naca0009,28,1.428937,0.126481,0.179464
vtail,1,naca0009,29,1.428622,0.126455,0.179482
vtail,1,naca0009,30,1.428297,0.126429,0.179501
vtail,1,naca0009,31,1.427961,0.126402,0.17952
vtail,1,naca0009,32,1.427616,0.126375,0.179539
vtail,1,naca0009,33,1.42726,0.126346,0.179559
vtail,1,naca0009,34,1.426894,0.126317,0.17958
vtail,1,naca0009,35,1.426519,0.126288,0.179601
vtail,1,naca0009,36,1.426134,0.126258,0.179622
vtail,1,naca0009,37,1.425739,0.126227,0.179644
vtail,1,naca0009,38,1.425335,0.126196,0.179666
vtail,1,naca0009,39,1.424921,0.126164,0.179689
vtail,1,naca0009,40,1.424498,0.126131,0.179712
vtail,1,naca0009,41,1.424066,0.126098,0.179735
vtail,1,naca0009,42,1.423624,0.126065,0.179759
vtail,1,naca0009,43,1.423174,0.126031,0.179783
vtail,1,naca0009,44,1.422715,0.125996,0.179807
vtail,1,naca0009,45,1.422247,0.125961,0.179832
vtail,1,naca0009,46,1.42177,0.125926,0.179857
vtail,1,naca0009,47,1.421285,0.12589,0.179883
vtail,1,naca0009,48,1.420791,0.125854,0.179908
vtail,1,naca0009,49,1.420289,0.125817,0.179934
vtail,1,naca0009,50,1.419778,0.125781,0.17996
vtail,1,naca0009,51,1.41926,0.125743,0.179987
vtail,1,naca0009,52,1.418734,0.125706,0.180013
vtail,1,naca0009,53,1.4182,0.125668,0.18004
vtail,1,naca0009,54,1.417658,0.12563,0.180067
vtail,1,naca0009,55,1.417109,0.125591,0.180094
vtail,1,naca0009,56,1.416552,0.125553,0.180122
vtail,1,naca0009,57,1.415988,0.125514,0.180149
vtail,1,naca0009,58,1.415418,0.125475,0.180177
vtail,1,naca0009,59,1.41484,0.125436,0.180205
vtail,1,naca0009,60,1.414255,0.125396,0.180233
vtail,1,naca0009,61,1.413663,0.125357,0.180261
vtail,1,naca0009,62,1.413065,0.125317,0.180289
vtail,1,naca0009,63,1.412461,0.125277,0.180317
vtail,1,naca0009,64,1.41185,0.125237,0.180345
vtail,1,naca0009,65,1.411234,0.125197,0.180373
vtail,1,naca0009,66,1.410611,0.125157,0.180402
vtail,1,naca0009,67,1.409983,0.125117,0.18043
vtail,1,naca0009,68,1.409349,0.125078,0.180458
vtail,1,naca0009,69,1.408709,0.125038,0.180487
vtail,1,naca0009,70,1.408065,0.124998,0.180515
vtail,1,naca0009,71,1.407415,0.124958,0.180543
vtail,1,naca0009,72,1.40676,0.124918,0.180571
vtail,1,naca0009,73,1.4061,0.124878,0.180599
vtail,1,naca0009,74,1.405436,0.124839,0.180627
vtail,1,naca0009,75,1.404767,0.124799,0.180655
vtail,1,naca0009,76,1.404094,0.12476,0.180683
vtail,1,naca0009,77,1.403417,0.124721,0.180711
vtail,1,naca0009,78,1.402736,0.124683,0.180738
vtail,1,naca0009,79,1.402051,0.124644,0.180765
vtail,1,naca0009,80,1.401362,0.124606,0.180793
vtail,1,naca0009,81,1.40067,0.124568,0.18082
vtail,1,naca0009,82,1.399975,0.12453,0.180846
vtail,1,naca0009,83,1.399276,0.124493,0.180873
vtail,1,naca0009,84,1.398575,0.124456,0.180899
vtail,1,naca0009,85,1.39787,0.124419,0.180925
vtail,1,naca0009,86,1.397163,0.124383,0.180951
vtail,1,naca0009,87,1.396454,0.124347,0.180976
vtail,1,naca0009,88,1.395743,0.124312,0.181001
vtail,1,naca0009,89,1.395029,0.124277,0.181026
vtail,1,naca0009,90,1.394314,0.124242,0.18105
vtail,1,naca0009,91,1.393597,0.124209,0.181074
vtail,1,naca0009,92,1.392878,0.124175,0.181098
vtail,1,naca0009,93,1.392158,0.124143,0.181121
vtail,1,naca0009,94,1.391437,0.12411,0.181143
vtail,1,naca0009,95,1.390714,0.124079,0.181166
vtail,1,naca0009,96,1.389991,0.124048,0.181188
vtail,1,naca0009,97,1.389268,0.124018,0.181209
vtail,1,naca0009,98,1.388544,0.123988,0.18123
vtail,1,naca0009,99,1.387819,0.12396,0.18125
vtail,1,naca0009,100,1.387095,0.123932,0.18127
vtail,1,naca0009,101,1.38637,0.123905,0.181289
vtail,1,naca0009,102,1.385646,0.123878,0.181308
vtail,1,naca0009,103,1.384923,0.123853,0.181326
vtail,1,naca0009,104,1.3842,0.123828,0.181344
vtail,1,naca0009,105,1.383477,0.123804,0.181361
vtail,1,naca0009,106,1.382756,0.123781,0.181377
vtail,1,naca0009,107,1.382036,0.123759,0.181392
vtail,1,naca0009,108,1.381317,0.123738,0.181407
vtail,1,naca0009,109,1.3806,0.123718,0.181421
vtail,1,naca0009,110,1.379885,0.123699,0.181435
vtail,1,naca0009,111,1.379171,0.123681,0.181448
vtail,1,naca0009,112,1.37846,0.123664,0.18146
vtail,1,naca0009,113,1.37775,0.123648,0.181471
vtail,1,naca0009,114,1.377044,0.123633,0.181482
vtail,1,naca0009,115,1.376339,0.123619,0.181491
vtail,1,naca0009,116,1.375638,0.123607,0.1815
vtail,1,naca0009,117,1.374939,0.123595,0.181508
vtail,1,naca0009,118,1.374244,0.123585,0.181515
vtail,1,naca0009,119,1.373552,0.123576,0.181522
vtail,1,naca0009,120,1.372863,0.123568,0.181527
vtail,1,naca0009,121,1.372178,0.123562,0.181532
vtail,1,naca0009,122,1.371497,0.123557,0.181536
vtail,1,naca0009,123,1.37082,0.123553,0.181539
vtail,1,naca0009,124,1.370147,0.12355,0.181541
vtail,1,naca0009,125,1.369478,0.123548,0.181542
vtail,1,naca0009,126,1.368813,0.123548,0.181542
vtail,1,naca0009,127,1.368154,0.123549,0.181541
vtail,1,naca0009,128,1.367499,0.123552,0.181539
vtail,1,naca0009,129,1.366849,0.123556,0.181536
vtail,1,naca0009,130,1.366204,0.123561,0.181533
vtail,1,naca0009,131,1.365565,0.123568,0.181528
vtail,1,naca0009,132,1.364931,0.123576,0.181522
vtail,1,naca0009,133,1.364303,0.123585,0.181515
vtail,1,naca0009,134,1.36368,0.123596,0.181508
vtail,1,naca0009,135,1.363063,0.123609,0.181499
vtail,1,naca0009,136,1.362453,0.123622,0.181489
vtail,1,naca0009,137,1.361848,0.123637,0.181479
vtail,1,naca0009,138,1.361251,0.123654,0.181467
vtail,1,naca0009,139,1.360659,0.123672,0.181454
vtail,1,naca0009,140,1.360074,0.123691,0.18144
vtail,1,naca0009,141,1.359496,0.123712,0.181426
vtail,1,naca0009,142,1.358925,0.123734,0.18141
vtail,1,naca0009,143,1.358362,0.123758,0.181393
vtail,1,naca0009,144,1.357805,0.123783,0.181375
vtail,1,naca0009,145,1.357256,0.123809,0.181357
vtail,1,naca0009,146,1.356714,0.123837,0.181337
vtail,1,naca0009,147,1.35618,0.123867,0.181316
vtail,1,naca0009,148,1.355654,0.123897,0.181294
vtail,1,naca0009,149,1.355135,0.123929,0.181272
vtail,1,naca0009,150,1.354625,0.123963,0.181248
vtail,1,naca0009,151,1.354123,0.123998,0.181223
vtail,1,naca0009,152,1.353629,0.124034,0.181198
vtail,1,naca0009,153,1.353144,0.124071,0.181171
vtail,1,naca0009,154,1.352667,0.12411,0.181144
vtail,1,naca0009,155,1.352199,0.12415,0.181115
vtail,1,naca0009,156,1.35174,0.124192,0.181086
vtail,1,naca0009,157,1.351289,0.124234,0.181056
vtail,1,naca0009,158,1.350848,0.124278,0.181025
vtail,1,naca0009,159,1.350416,0.124324,0.180992
vtail,1,naca0009,160,1.349993,0.12437,0.18096
vtail,1,naca0009,161,1.349579,0.124418,0.180926
vtail,1,naca0009,162,1.349175,0.124466,0.180891
vtail,1,naca0009,163,1.34878,0.124516,0.180856
vtail,1,naca0009,164,1.348395,0.124568,0.18082
vtail,1,naca0009,165,1.34802,0.12462,0.180783
vtail,1,naca0009,166,1.347654,0.124673,0.180745
vtail,1,naca0009,167,1.347298,0.124728,0.180706
vtail,1,naca0009,168,1.346953,0.124783,0.180667
vtail,1,naca0009,169,1.346617,0.12484,0.180627
vtail,1,naca0009,170,1.346292,0.124898,0.180586
vtail,1,naca0009,171,1.345977,0.124956,0.180544
vtail,1,naca0009,172,1.345672,0.125016,0.180502
vtail,1,naca0009,173,1.345378,0.125076,0.180459
vtail,1,naca0009,174,1.345094,0.125138,0.180416
vtail,1,naca0009,175,1.344821,0.1252,0.180371
vtail,1,naca0009,176,1.344558,0.125263,0.180327
vtail,1,naca0009,177,1.344306,0.125327,0.180281
vtail,1,naca0009,178,1.344065,0.125392,0.180235
vtail,1,naca0009,179,1.343835,0.125458,0.180189
vtail,1,naca0009,180,1.343615,0.125525,0.180141
vtail,1,naca0009,181,1.343406,0.125592,0.180094
vtail,1,naca0009,182,1.343209,0.12566,0.180045
vtail,1,naca0009,183,1.343022,0.125729,0.179997
vtail,1,naca0009,184,1.342847,0.125799,0.179947
vtail,1,naca0009,185,1.342682,0.125869,0.179897
vtail,1,naca0009,186,1.342529,0.12594,0.179847
vtail,1,naca0009,187,1.342387,0.126012,0.179796
vtail,1,naca0009,188,1.342256,0.126084,0.179745
vtail,1,naca0009,189,1.342137,0.126157,0.179693
vtail,1,naca0009,190,1.342028,0.126231,0.179641
vtail,1,naca0009,191,1.341932,0.126305,0.179589
vtail,1,naca0009,192,1.341846,0.12638,0.179536
vtail,1,naca0009,193,1.341772,0.126455,0.179482
vtail,1,naca0009,194,1.341709,0.126531,0.179429
vtail,1,naca0009,195,1.341657,0.126608,0.179374
vtail,1,naca0009,196,1.341617,0.126685,0.17932
vtail,1,naca0009,197,1.341589,0.126762,0.179265
vtail,1,naca0009,198,1.341572,0.126841,0.179209
vtail,1,naca0009,199,1.341566,0.126919,0.179154
vtail,1,naca0009,200,1.341572,0.126998,0.179098
vtail,1,naca0009,201,1.341589,0.127076,0.179042
vtail,1,naca0009,202,1.341617,0.127154,0.178987
vtail,1,naca0009,203,1.341657,0.127231,0.178933
vtail,1,naca0009,204,1.341709,0.127307,0.178879
vtail,1,naca0009,205,1.341772,0.127383,0.178825
vtail,1,naca0009,206,1.341846,0.127459,0.178771
vtail,1,naca0009,207,1.341932,0.127534,0.178718
vtail,1,naca0009,208,1.342028,0.127608,0.178666
vtail,1,naca0009,209,1.342137,0.127681,0.178614
vtail,1,naca0009,210,1.342256,0.127754,0.178562
vtail,1,naca0009,211,1.342387,0.127827,0.178511
vtail,1,naca0009,212,1.342529,0.127898,0.17846
vtail,1,naca0009,213,1.342682,0.127969,0.17841
vtail,1,naca0009,214,1.342847,0.12804,0.17836
vtail,1,naca0009,215,1.343022,0.128109,0.17831
vtail,1,naca0009,216,1.343209,0.128178,0.178262
vtail,1,naca0009,217,1.343406,0.128246,0.178213
vtail,1,naca0009,218,1.343615,0.128314,0.178166
vtail,1,naca0009,219,1.343835,0.12838,0.178119
vtail,1,naca0009,220,1.344065,0.128446,0.178072
vtail,1,naca0009,221,1.344306,0.128511,0.178026
vtail,1,naca0009,222,1.344558,0.128575,0.17798
vtail,1,naca0009,223,1.344821,0.128638,0.177936
vtail,1,naca0009,224,1.345094,0.128701,0.177891
vtail,1,naca0009,225,1.345378,0.128762,0.177848
vtail,1,naca0009,226,1.345672,0.128823,0.177805
vtail,1,naca0009,227,1.345977,0.128882,0.177763
vtail,1,naca0009,228,1.346292,0.128941,0.177721
vtail,1,naca0009,229,1.346617,0.128999,0.17768
vtail,1,naca0009,230,1.346953,0.129055,0.17764
vtail,1,naca0009,231,1.347298,0.129111,0.177601
vtail,1,naca0009,232,1.347654,0.129165,0.177562
vtail,1,naca0009,233,1.34802,0.129219,0.177525
vtail,1,naca0009,234,1.348395,0.129271,0.177488
vtail,1,naca0009,235,1.34878,0.129322,0.177451
vtail,1,naca0009,236,1.349175,0.129372,0.177416
vtail,1,naca0009,237,1.349579,0.129421,0.177381
vtail,1,naca0009,238,1.349993,0.129469,0.177348
vtail,1,naca0009,239,1.350416,0.129515,0.177315
vtail,1,naca0009,240,1.350848,0.12956,0.177283
vtail,1,naca0009,241,1.351289,0.129604,0.177251
vtail,1,naca0009,242,1.35174,0.129647,0.177221
vtail,1,naca0009,243,1.352199,0.129688,0.177192
vtail,1,naca0009,244,1.352667,0.129728,0.177163
vtail,1,naca0009,245,1.353144,0.129767,0.177136
vtail,1,naca0009,246,1.353629,0.129805,0.177109
vtail,1,naca0009,247,1.354123,0.129841,0.177084
vtail,1,naca0009,248,1.354625,0.129876,0.177059
vtail,1,naca0009,249,1.355135,0.129909,0.177035
vtail,1,naca0009,250,1.355654,0.129941,0.177013
vtail,1,naca0009,251,1.35618,0.129972,0.176991
vtail,1,naca0009,252,1.356714,0.130001,0.17697
vtail,1,naca0009,253,1.357256,0.130029,0.17695
vtail,1,naca0009,254,1.357805,0.130056,0.176932
vtail,1,naca0009,255,1.358362,0.130081,0.176914
vtail,1,naca0009,256,1.358925,0.130104,0.176897
vtail,1,naca0009,257,1.359496,0.130126,0.176881
vtail,1,naca0009,258,1.360074,0.130147,0.176867
vtail,1,naca0009,259,1.360659,0.130167,0.176853
vtail,1,naca0009,260,1.361251,0.130185,0.17684
vtail,1,naca0009,261,1.361848,0.130201,0.176829
vtail,1,naca0009,262,1.362453,0.130216,0.176818
vtail,1,naca0009,263,1.363063,0.13023,0.176808
vtail,1,naca0009,264,1.36368,0.130242,0.176799
vtail,1,naca0009,265,1.364303,0.130253,0.176792
vtail,1,naca0009,266,1.364931,0.130263,0.176785
vtail,1,naca0009,267,1.365565,0.130271,0.176779
vtail,1,naca0009,268,1.366204,0.130277,0.176775
vtail,1,naca0009,269,1.366849,0.130283,0.176771
vtail,1,naca0009,270,1.367499,0.130287,0.176768
vtail,1,naca0009,271,1.368154,0.130289,0.176766
vtail,1,naca0009,272,1.368813,0.13029,0.176765
vtail,1,naca0009,273,1.369478,0.13029,0.176765
vtail,1,naca0009,274,1.370147,0.130289,0.176766
vtail,1,naca0009,275,1.37082,0.130286,0.176768
vtail,1,naca0009,276,1.371497,0.130282,0.176771
vtail,1,naca0009,277,1.372178,0.130277,0.176775
vtail,1,naca0009,278,1.372863,0.13027,0.17678
vtail,1,naca0009,279,1.373552,0.130262,0.176785
vtail,1,naca0009,280,1.374244,0.130253,0.176792
vtail,1,naca0009,281,1.374939,0.130243,0.176799
vtail,1,naca0009,282,1.375638,0.130232,0.176807
vtail,1,naca0009,283,1.376339,0.130219,0.176816
vtail,1,naca0009,284,1.377044,0.130205,0.176826
vtail,1,naca0009,285,1.37775,0.130191,0.176836
vtail,1,naca0009,286,1.37846,0.130175,0.176847
vtail,1,naca0009,287,1.379171,0.130158,0.176859
vtail,1,naca0009,288,1.379885,0.13014,0.176872
vtail,1,naca0009,289,1.3806,0.130121,0.176886
vtail,1,naca0009,290,1.381317,0.1301,0.1769
vtail,1,naca0009,291,1.382036,0.130079,0.176915
vtail,1,naca0009,292,1.382756,0.130057,0.17693
vtail,1,naca0009,293,1.383477,0.130034,0.176947
vtail,1,naca0009,294,1.3842,0.130011,0.176963
vtail,1,naca0009,295,1.384923,0.129986,0.176981
vtail,1,naca0009,296,1.385646,0.12996,0.176999
vtail,1,naca0009,297,1.38637,0.129934,0.177018
vtail,1,naca0009,298,1.387095,0.129907,0.177037
vtail,1,naca0009,299,1.387819,0.129879,0.177057
vtail,1,naca0009,300,1.388544,0.12985,0.177077
vtail,1,naca0009,301,1.389268,0.129821,0.177098
vtail,1,naca0009,302,1.389991,0.12979,0.17712
vtail,1,naca0009,303,1.390714,0.12976,0.177141
vtail,1,naca0009,304,1.391437,0.129728,0.177164
vtail,1,naca0009,305,1.392158,0.129696,0.177186
vtail,1,naca0009,306,1.392878,0.129663,0.17721
vtail,1,naca0009,307,1.393597,0.12963,0.177233
vtail,1,naca0009,308,1.394314,0.129596,0.177257
vtail,1,naca0009,309,1.395029,0.129562,0.177282
vtail,1,naca0009,310,1.395743,0.129527,0.177306
vtail,1,naca0009,311,1.396454,0.129492,0.177331
vtail,1,naca0009,312,1.397163,0.129456,0.177357
vtail,1,naca0009,313,1.39787,0.12942,0.177382
vtail,1,naca0009,314,1.398575,0.129383,0.177408
vtail,1,naca0009,315,1.399276,0.129346,0.177434
vtail,1,naca0009,316,1.399975,0.129309,0.177461
vtail,1,naca0009,317,1.40067,0.129271,0.177488
vtail,1,naca0009,318,1.401362,0.129233,0.177515
vtail,1,naca0009,319,1.402051,0.129195,0.177542
vtail,1,naca0009,320,1.402736,0.129156,0.177569
vtail,1,naca0009,321,1.403417,0.129117,0.177596
vtail,1,naca0009,322,1.404094,0.129078,0.177624
vtail,1,naca0009,323,1.404767,0.129039,0.177652
vtail,1,naca0009,324,1.405436,0.129,0.17768
vtail,1,naca0009,325,1.4061,0.12896,0.177708
vtail,1,naca0009,326,1.40676,0.12892,0.177736
vtail,1,naca0009,327,1.407415,0.128881,0.177764
vtail,1,naca0009,328,1.408065,0.128841,0.177792
vtail,1,naca0009,329,1.408709,0.128801,0.17782
vtail,1,naca0009,330,1.409349,0.128761,0.177849
vtail,1,naca0009,331,1.409983,0.128721,0.177877
vtail,1,naca0009,332,1.410611,0.128681,0.177905
vtail,1,naca0009,333,1.411234,0.128641,0.177934
vtail,1,naca0009,334,1.41185,0.128601,0.177962
vtail,1,naca0009,335,1.412461,0.128561,0.17799
vtail,1,naca0009,336,1.413065,0.128522,0.178018
vtail,1,naca0009,337,1.413663,0.128482,0.178047
vtail,1,naca0009,338,1.414255,0.128442,0.178075
vtail,1,naca0009,339,1.41484,0.128403,0.178102
vtail,1,naca0009,340,1.415418,0.128364,0.17813
vtail,1,naca0009,341,1.415988,0.128325,0.178158
vtail,1,naca0009,342,1.416552,0.128286,0.178185
vtail,1,naca0009,343,1.417109,0.128247,0.178213
vtail,1,naca0009,344,1.417658,0.128209,0.17824
vtail,1,naca0009,345,1.4182,0.128171,0.178267
vtail,1,naca0009,346,1.418734,0.128133,0.178294
vtail,1,naca0009,347,1.41926,0.128095,0.17832
vtail,1,naca0009,348,1.419778,0.128058,0.178347
vtail,1,naca0009,349,1.420289,0.128021,0.178373
vtail,1,naca0009,350,1.420791,0.127984,0.178399
vtail,1,naca0009,351,1.421285,0.127948,0.178425
vtail,1,naca0009,352,1.42177,0.127913,0.17845
vtail,1,naca0009,353,1.422247,0.127877,0.178475
vtail,1,naca0009,354,1.422715,0.127842,0.1785
vtail,1,naca0009,355,1.423174,0.127808,0.178524
vtail,1,naca0009,356,1.423624,0.127774,0.178548
vtail,1,naca0009,357,1.424066,0.12774,0.178572
vtail,1,naca0009,358,1.424498,0.127707,0.178595
vtail,1,naca0009,359,1.424921,0.127675,0.178618
vtail,1,naca0009,360,1.425335,0.127643,0.178641
vtail,1,naca0009,361,1.425739,0.127612,0.178663
vtail,1,naca0009,362,1.426134,0.127581,0.178685
vtail,1,naca0009,363,1.426519,0.127551,0.178706
vtail,1,naca0009,364,1.426894,0.127521,0.178727
vtail,1,naca0009,365,1.42726,0.127492,0.178748
vtail,1,naca0009,366,1.427616,0.127464,0.178768
vtail,1,naca0009,367,1.427961,0.127436,0.178787
vtail,1,naca0009,368,1.428297,0.12741,0.178806
vtail,1,naca0009,369,1.428622,0.127383,0.178825
vtail,1,naca0009,370,1.428937,0.127358,0.178843
vtail,1,naca0009,371,1.429242,0.127333,0.17886
vtail,1,naca0009,372,1.429536,0.127309,0.178877
vtail,1,naca0009,373,1.42982,0.127286,0.178894
vtail,1,naca0009,374,1.430093,0.127264,0.17891
vtail,1,naca0009,375,1.430356,0.127242,0.178925
vtail,1,naca0009,376,1.430608,0.127221,0.17894
vtail,1,naca0009,377,1.430849,0.127201,0.178954
vtail,1,naca0009,378,1.431079,0.127182,0.178967
vtail,1,naca0009,379,1.431299,0.127164,0.17898
vtail,1,naca0009,380,1.431507,0.127146,0.178993
vtail,1,naca0009,381,1.431705,0.12713,0.179005
vtail,1,naca0009,382,1.431892,0.127114,0.179016
vtail,1,naca0009,383,1.432067,0.127099,0.179026
vtail,1,naca0009,384,1.432232,0.127085,0.179036
vtail,1,naca0009,385,1.432385,0.127072,0.179045
vtail,1,naca0009,386,1.432527,0.12706,0.179054
vtail,1,naca0009,387,1.432658,0.127049,0.179062
vtail,1,naca0009,388,1.432777,0.127039,0.179069
vtail,1,naca0009,389,1.432885,0.12703,0.179075
vtail,1,naca0009,390,1.432982,0.127021,0.179081
vtail,1,naca0009,391,1.433068,0.127014,0.179086
vtail,1,naca0009,392,1.433142,0.127008,0.179091
vtail,1,naca0009,393,1.433205,0.127002,0.179095
vtail,1,naca0009,394,1.433256,0.126998,0.179098
vtail,1,naca0009,395,1.433296,0.126994,0.1791
vtail,1,naca0009,396,1.433325,0.126992,0.179102
vtail,1,naca0009,397,1.433342,0.126991,0.179103
vtail,1,naca0009,398,1.433348,0.12699,0.179103
