item,group,example part,station_mm,mass_g,mass_basis,max_g,size_mm,lane,status,requirement,not checked here
motor,Propulsion,D3548 900 kV brushless outrunner,34.7,170.0,max,170.0,,derived from structure,placed,Bolts to the motor plate; prop plane 50-65 mm behind the ruddervator TE (pusher). HARD limit — the farthest-aft mass on the aircraft.,"0 deg thrust line with +-2 deg shim provision | mount must match the 19/25 mm M3 cross on the tail-block plate, or use a <=10 g adapter | open-sided venting around the can | UNDER A PULLER this row's pusher geometry does not apply — the can sits inside the nose, sized by the motor-fit constraint"
propeller,Propulsion,,5.0,55.5,max,55.5,,derived from structure,placed,"On the shaft, at the spinner.",
esc,Propulsion,"Hobbywing Skywalker 60A V2 (or AM32 equivalent, no BEC)",220.0,75.0,max,75.0,60.0 x 8.0 x 25.0,bay_left,placed,"Left sidewall, aft of the battery. May overlap the FC-tray zone lengthwise — different wall.","must sit in the nose-inlet -> tail-exit cooling stream | battery leads <=100 mm; phase wires exit rear into the LEFT boom channel, twisted + heat-shrunk every ~100 mm"
battery,Propulsion,"4S 4,000 mAh 30C LiPo",115.0,460.0,max,460.0,138.0 x 44.0 x 32.0,bay_floor,placed,"Battery bay, hard against the F1 crash bulkhead via printed spacer blocks. Its station IS the balance variable.",2 velcro straps through floor slots + 3 mm foam | must be rigidly retained — belly lander; a loose pack through F1 is the crash mode
servo_aileron_left,Actuation,MG90S metal gear (9 g class),494.7,14.0,max,14.0,22.8 x 12.2 x 28.5,derived from structure,placed,"Wing, 65% semi-span, direct linkage.","body must fit the printed 23.2 x 12.4 mm pocket, lugs outboard"
servo_aileron_right,Actuation,MG90S metal gear (9 g class),494.7,14.0,max,14.0,22.8 x 12.2 x 28.5,derived from structure,placed,"Wing, 65% semi-span, direct linkage.","body must fit the printed 23.2 x 12.4 mm pocket, lugs outboard"
servo_ruddervator_left,Actuation,MG90S metal gear (9 g class),1140.2,14.0,max,14.0,22.8 x 12.2 x 28.5,derived from structure,placed,"Bay in the tail root block, 70 mm x 2 mm pushrod.","counts against the <=120 g tail-group budget — NO heavier substitutes at the tail, ever"
servo_ruddervator_right,Actuation,MG90S metal gear (9 g class),1140.2,14.0,max,14.0,22.8 x 12.2 x 28.5,derived from structure,placed,"Bay in the tail root block, 70 mm x 2 mm pushrod.","counts against the <=120 g tail-group budget — NO heavier substitutes at the tail, ever"
flight_controller,Autopilot core,Matek H743-WING V3 (spec minimum: F405-Wing class),311.0,40.0,max,40.0,54.0 x 36.0 x 13.0,bay_shelf,placed,"FC tray on the avionics shelf, aft of the battery.","30.5 x 30.5 mm pattern, arrow FORWARD and level | soft-mount (foam tape / grommets) — pusher prop vibration comes down the boom | keep off the ESC wall (heat) | USB port reachable through the hatch for bench work"
sd_card_fc,Autopilot core,32 GB class-10,311.0,1.0,max,1.0,15.0 x 11.0 x 1.0,rides flight_controller,placed,FC card slot (no freedom of its own).,slot must face somewhere reachable through the hatch
gps_compass,Autopilot core,Matek M10Q-5883 (M10 GNSS + QMC5883L mag),320.0,22.0,max,22.0,20.0 x 20.0 x 12.4,bay_deck,placed,"Top deck, highest point in the pod. >=80 mm from the battery leads and from the ESC.","directly under the LW-PLA hatch skin — RF-transparent, no carbon or metal above it | all high-current wiring routed below the deck shelf | sky view unobstructed"
airspeed_board,Autopilot core,Matek ASPD-4525 (MS4525DO / DLVR based),379.0,6.0,max,6.0,22.0 x 16.0 x 8.0,bay_shelf,placed,"Within 300 mm of the FC — this is an I2C run, not a bus.",tubing kink-free
pitot_probe,Autopilot core,,350.0,9.0,max,9.0,,derived from structure,placed,"Clean air: outer wing LE at ~2/3 semi-span, protruding >=40 mm ahead of the surface, clear of the fuselage boundary layer.",a handling hazard on a hand launch — position away from the grip | its own parasite drag is NOT in the buildup at this fidelity
buzzer,Autopilot core,Passive buzzer on FC BUZ pads,340.0,3.0,max,3.0,12.0 x 12.0 x 9.5,bay_deck,placed,Anywhere in the pod — no structural requirement.,unobstructed sound path — near the hatch seam or a cooling exit
companion_pi,Companion compute,Raspberry Pi Zero 2 W,223.0,20.0,max,20.0,65.0 x 30.0 x 13.0,bay_shelf,placed,"Nose bay preferred, flat against the F1 bulkhead face (max forward moment). Fallback: beside the FC tray — which is where a PULLER puts it, the nose being full of motor.",keep the WiFi antenna end clear of carbon | common ground with the FC | verify nose-cap internal clearance in CAD
bec_pi,Companion compute,"Matek mini BEC / Pololu D24V22F5, 5 V / 3 A",270.0,12.0,max,12.0,20.3 x 17.8 x 5.0,bay_shelf,placed,Within ~50 mm of the Pi; twisted input pair from the PDB tap.,common ground with the FC
sd_card_pi,Companion compute,32 GB A1,223.0,1.0,max,1.0,15.0 x 11.0 x 1.0,rides companion_pi,placed,Pi card slot (no freedom of its own).,orient the slot toward the hatch
receiver_elrs,RC link,RadioMaster RP3 V2 (ELRS 2.4 GHz diversity),353.0,5.0,max,5.0,22.0 x 13.0 x 4.0,bay_shelf,placed,Behind the FC tray.,"THE ANTENNAS ARE THE REAL CONSTRAINT, NOT THE BOARD: tips 90 deg apart and >=30 mm from ANY carbon (boom, wing spar), from the phase wires and from the GPS puck"
telemetry_sik,Telemetry / GCS,"Holybro SiK Radio V3, 915 MHz 100 mW (air unit)",217.0,30.0,max,30.0,53.0 x 10.7 x 28.0,bay_right,placed,"RIGHT sidewall, opposite the ESC. >=100 mm from the GPS puck (desense).",antenna vertical; do not lay it along the boom | >=100 mm from the ELRS antennas
wiring_pod,Support,,220.0,24.0,max,24.0,,derived from structure,placed,Distributed through the bay; charged at the bay centroid.,keep every harness clear of the RX antennas
wiring_boom,Support,,862.6,16.0,max,16.0,,derived from structure,placed,"Motor phase wires in the LEFT boom channel, servo leads in the RIGHT; charged at the boom's midpoint.",zip-tie slots at both boom ends | aileron leads pass through the wing saddle
transmitter,RC link,RadioMaster Boxer ELRS 2.4 GHz,,,,,,,ground/bench — no airframe constraint,Ground item — no airframe constraint.,
ground_station,Telemetry / GCS,Laptop + Mission Planner / QGroundControl,,,,,,,ground/bench — no airframe constraint,Ground item — no airframe constraint.,
charger,Support,ISDT / ToolkitRC >=100 W balance charger,,,,,,,ground/bench — no airframe constraint,Bench item — no airframe constraint.,
lipo_checker,Support,Any cell-voltage checker,,,,,,,ground/bench — no airframe constraint,Field-box item — no airframe constraint.,
